{
  "search_metadata": {
    "id": "628e13d2de983400a5961cdf",
    "status": "Success",
    "json_endpoint": "https://serpapi.com/searches/15f6e17aed843e35/628e13d2de983400a5961cdf.json",
    "created_at": "2022-05-25 11:32:34 UTC",
    "processed_at": "2022-05-25 11:32:34 UTC",
    "google_trends_url": "https://trends.google.com/trends/api/explore?tz=420&req=%7B%22comparisonItem%22%3A%5B%7B%22keyword%22%3A%22coffee%22%2C%22geo%22%3A%22%22%2C%22time%22%3A%22today+12-m%22%7D%5D%2C%22category%22%3A0%2C%22property%22%3A%22%22%7D",
    "raw_html_file": "https://serpapi.com/searches/15f6e17aed843e35/628e13d2de983400a5961cdf.html",
    "prettify_html_file": "https://serpapi.com/searches/15f6e17aed843e35/628e13d2de983400a5961cdf.prettify",
    "total_time_taken": 1.85
  },
  "search_parameters": {
    "engine": "google_trends",
    "q": "coffee",
    "date": "today 12-m",
    "tz": "420",
    "data_type": "GEO_MAP_0"
  },
  "interest_by_region": [
    {
      "geo": "SG",
      "location": "Singapore",
      "max_value_index": 0,
      "value": "100",
      "extracted_value": 100
    },
    {
      "geo": "AU",
      "location": "Australia",
      "max_value_index": 0,
      "value": "87",
      "extracted_value": 87
    },
    {
      "geo": "NZ",
      "location": "New Zealand",
      "max_value_index": 0,
      "value": "77",
      "extracted_value": 77
    }
  ]
}