{
  "search_metadata": {
    "id": "628e1083de983400a3b29c2e",
    "status": "Success",
    "json_endpoint": "https://serpapi.com/searches/c1bde9cbd0a44437/628e1083de983400a3b29c2e.json",
    "created_at": "2022-05-25 11:18:27 UTC",
    "processed_at": "2022-05-25 11:18:27 UTC",
    "google_trends_url": "https://trends.google.com/trends/api/explore?tz=420&req=%7B%22comparisonItem%22%3A%5B%7B%22keyword%22%3A%22coffee%22%2C%22geo%22%3A%22%22%2C%22time%22%3A%22today+12-m%22%7D%2C%7B%22keyword%22%3A%22milk%22%2C%22geo%22%3A%22%22%2C%22time%22%3A%22today+12-m%22%7D%2C%7B%22keyword%22%3A%22bread%22%2C%22geo%22%3A%22%22%2C%22time%22%3A%22today+12-m%22%7D%2C%7B%22keyword%22%3A%22pasta%22%2C%22geo%22%3A%22%22%2C%22time%22%3A%22today+12-m%22%7D%2C%7B%22keyword%22%3A%22steak%22%2C%22geo%22%3A%22%22%2C%22time%22%3A%22today+12-m%22%7D%5D%2C%22category%22%3A0%2C%22property%22%3A%22%22%7D",
    "raw_html_file": "https://serpapi.com/searches/c1bde9cbd0a44437/628e1083de983400a3b29c2e.html",
    "prettify_html_file": "https://serpapi.com/searches/c1bde9cbd0a44437/628e1083de983400a3b29c2e.prettify",
    "total_time_taken": 1.89
  },
  "search_parameters": {
    "engine": "google_trends",
    "q": "coffee,milk,bread,pasta,steak",
    "date": "today 12-m",
    "tz": "420",
    "data_type": "TIMESERIES"
  },
  "interest_over_time": {
    "timeline_data": [
      {
        "date": "May 30 – Jun 5, 2021",
        "timestamp": "1622304000",
        "values": [
          {
            "query": "coffee",
            "value": "80",
            "extracted_value": 80
          }
        ]
      },
      {
        "date": "Jun 6 – 12, 2021",
        "timestamp": "1622822400",
        "values": [
          {
            "query": "coffee",
            "value": "75",
            "extracted_value": 75
          }
        ]
      },
      {
        "date": "Jun 13 – 19, 2021",
        "timestamp": "1623513600",
        "values": [
          {
            "query": "coffee",
            "value": "78",
            "extracted_value": 78
          }
        ]
      }
    ]

  }
}
