{
  "project_info": {
    "project_number": "517302502241",
    "project_id": "test-trend-380609",
    "storage_bucket": "test-trend-380609.appspot.com"
  },
  "client": [
    {
      "client_info": {
        "mobilesdk_app_id": "1:517302502241:android:ab7632727784f8ab833b20",
        "android_client_info": {
          "package_name": "com.example.busqueda_avanzada"
        }
      },
      "oauth_client": [
        {
          "client_id": "517302502241-90hbjbq73o79mnsp6eje47i1v9g3bioj.apps.googleusercontent.com",
          "client_type": 3
        }
      ],
      "api_key": [
        {
          "current_key": "AIzaSyCp70I3fNbm1sgANXrHEYo23hJrcmdqfdY"
        }
      ],
      "services": {
        "appinvite_service": {
          "other_platform_oauth_client": [
            {
              "client_id": "517302502241-90hbjbq73o79mnsp6eje47i1v9g3bioj.apps.googleusercontent.com",
              "client_type": 3
            }
          ]
        }
      }
    }
  ],
  "configuration_version": "1"
}